id,name,price,sku,view_count,created_at
1,Small Metal Computer,432.00,b947552f-3458-4bee-a5fd-99ac5d868465,0,Fri May 22 2020 10:59:37 GMT-0700 (Pacific Daylight Time)
2,Rustic Cotton Salad,555.00,40a4733d-9942-43d1-846d-00b0674c0ea4,0,Fri May 22 2020 01:49:32 GMT-0700 (Pacific Daylight Time)
3,Refined Granite Bacon,427.00,3df09136-4ed6-4a49-b6c0-7813ea5eeb1d,0,Fri May 22 2020 02:52:23 GMT-0700 (Pacific Daylight Time)
4,Incredible Fresh Bike,524.00,199b94bf-954a-4bf1-b58e-c8a26f3e7775,0,Thu May 21 2020 20:40:37 GMT-0700 (Pacific Daylight Time)
5,Refined Concrete Computer,736.00,d804a7ff-0b90-4370-b322-99c87a531df0,0,Fri May 22 2020 07:54:07 GMT-0700 (Pacific Daylight Time)
6,Practical Metal Bacon,426.00,5063dceb-2b95-49cd-b2ef-78343e44fbd9,0,Fri May 22 2020 13:46:18 GMT-0700 (Pacific Daylight Time)
7,Unbranded Plastic Hat,945.00,73eb987a-0fdf-4229-9ac3-346c829b4850,0,Fri May 22 2020 15:40:02 GMT-0700 (Pacific Daylight Time)
8,Handcrafted Fresh Car,603.00,a3067616-d78c-4d6c-a6ab-608bfc4289bf,0,Fri May 22 2020 05:23:49 GMT-0700 (Pacific Daylight Time)
9,Generic Rubber Chips,898.00,858eae16-2e7d-4999-ad5b-1277ecd69214,0,Fri May 22 2020 16:11:45 GMT-0700 (Pacific Daylight Time)
10,Licensed Steel Shoes,796.00,065463b1-a2c2-4e18-98c7-2b4ec6127b07,0,Fri May 22 2020 01:06:10 GMT-0700 (Pacific Daylight Time)
11,Rustic Granite Chair,445.00,c6807692-c388-4a0f-8091-45b239b7a41e,0,Fri May 22 2020 12:28:57 GMT-0700 (Pacific Daylight Time)
12,Small Rubber Table,265.00,338f4131-d03c-44a3-bf32-030334c62dcf,0,Fri May 22 2020 09:16:16 GMT-0700 (Pacific Daylight Time)
13,Small Soft Bacon,4.00,6569ca60-ed1e-436e-b31b-7e6e7c1bb7c2,0,Fri May 22 2020 13:46:01 GMT-0700 (Pacific Daylight Time)
14,Ergonomic Fresh Chair,989.00,3d64582a-e197-40ae-8279-a49856300f84,0,Fri May 22 2020 08:40:26 GMT-0700 (Pacific Daylight Time)
15,Handmade Metal Ball,372.00,458efe5d-f830-449b-93bc-eb5163f6baec,0,Fri May 22 2020 12:42:53 GMT-0700 (Pacific Daylight Time)
16,Handmade Soft Chips,454.00,c4387256-4465-4678-80e2-6933c6fae100,0,Fri May 22 2020 17:35:21 GMT-0700 (Pacific Daylight Time)
17,Incredible Steel Sausages,121.00,aac073d6-a31f-4102-97b1-e2d81260ca29,0,Fri May 22 2020 02:14:53 GMT-0700 (Pacific Daylight Time)
18,Sleek Metal Tuna,135.00,05a73637-159c-40a9-beb8-de1281ccfac7,0,Fri May 22 2020 01:28:05 GMT-0700 (Pacific Daylight Time)
19,Gorgeous Granite Salad,587.00,54e07d19-e414-44d5-8aad-d7193a2fba25,0,Fri May 22 2020 11:45:40 GMT-0700 (Pacific Daylight Time)
20,Awesome Granite Pizza,91.00,d96425cd-f30d-46c3-9350-c01259666a9c,0,Fri May 22 2020 05:13:36 GMT-0700 (Pacific Daylight Time)
21,Gorgeous Plastic Chicken,418.00,87946120-3cb9-48e9-aa05-3874bf04f7de,0,Fri May 22 2020 10:57:49 GMT-0700 (Pacific Daylight Time)
22,Ergonomic Granite Bacon,804.00,5963b626-a50b-46a9-8ccd-f0e01506eddf,0,Fri May 22 2020 04:46:15 GMT-0700 (Pacific Daylight Time)
23,Fantastic Rubber Hat,693.00,77ad2981-4bdf-45b1-a153-0313565041ad,0,Fri May 22 2020 01:11:22 GMT-0700 (Pacific Daylight Time)
24,Awesome Plastic Computer,281.00,9231dd0e-47c0-4e88-80d5-edc6af3a739f,0,Thu May 21 2020 20:44:57 GMT-0700 (Pacific Daylight Time)
25,Sleek Frozen Table,270.00,8b4d532d-16d4-499c-8875-0b21af55a257,0,Fri May 22 2020 04:46:21 GMT-0700 (Pacific Daylight Time)
26,Tasty Concrete Pants,314.00,99751331-9ad8-4510-86e5-ec6dbc0332c8,0,Fri May 22 2020 08:16:44 GMT-0700 (Pacific Daylight Time)
27,Tasty Cotton Ball,735.00,cbd4eddc-aaa0-4217-aad1-11add2b62c37,0,Fri May 22 2020 14:48:59 GMT-0700 (Pacific Daylight Time)
28,Refined Granite Chips,576.00,41a46572-4d35-4483-b519-a222f62bf8f1,0,Fri May 22 2020 15:42:20 GMT-0700 (Pacific Daylight Time)
29,Awesome Wooden Keyboard,879.00,2ce395ad-1b25-41e0-9107-878550c2cb0c,0,Fri May 22 2020 05:55:39 GMT-0700 (Pacific Daylight Time)
30,Fantastic Frozen Table,643.00,ccdfcb5f-372a-44ed-bf09-06f07a495c5d,0,Fri May 22 2020 04:42:42 GMT-0700 (Pacific Daylight Time)
31,Intelligent Metal Table,582.00,ea3195d8-de74-4af5-9d90-dd7b1987286a,0,Fri May 22 2020 11:17:36 GMT-0700 (Pacific Daylight Time)
32,Gorgeous Metal Bike,310.00,20abb17b-aae5-4918-8e7c-5d9ff607f173,0,Fri May 22 2020 05:02:16 GMT-0700 (Pacific Daylight Time)
33,Ergonomic Frozen Bike,805.00,3404bb38-0f3b-4d9c-8098-201d20c79781,0,Fri May 22 2020 08:29:57 GMT-0700 (Pacific Daylight Time)
34,Unbranded Soft Shirt,362.00,7e03afec-91e2-4734-b152-9f2c58f47d08,0,Fri May 22 2020 08:32:40 GMT-0700 (Pacific Daylight Time)
35,Practical Frozen Table,718.00,f07ce985-323a-40a3-8f0f-d05446321127,0,Fri May 22 2020 09:46:53 GMT-0700 (Pacific Daylight Time)
36,Practical Concrete Shirt,531.00,cad8a25f-93a6-472b-8f7e-f87adca89fd6,0,Fri May 22 2020 06:04:04 GMT-0700 (Pacific Daylight Time)
37,Small Plastic Tuna,350.00,3134392d-d30c-4e65-909c-39a668f958e4,0,Fri May 22 2020 03:49:48 GMT-0700 (Pacific Daylight Time)
38,Licensed Concrete Bike,727.00,bf6b5983-a369-405d-a7b7-a42b792785e6,0,Fri May 22 2020 01:54:43 GMT-0700 (Pacific Daylight Time)
39,Fantastic Cotton Chips,748.00,cb8d7fe6-2565-45d7-8a11-7661e39fbdf6,0,Fri May 22 2020 12:35:00 GMT-0700 (Pacific Daylight Time)
40,Intelligent Wooden Shirt,607.00,9ee8a7d3-da7b-4d7d-bfa3-abefe36a105e,0,Fri May 22 2020 17:29:28 GMT-0700 (Pacific Daylight Time)
41,Practical Steel Bacon,218.00,82281339-ff2d-4fb3-8c6b-1f20552c29e9,0,Fri May 22 2020 00:44:38 GMT-0700 (Pacific Daylight Time)
42,Handmade Soft Sausages,849.00,d41f6c12-8be9-4cf5-887d-ddab817e660a,0,Fri May 22 2020 15:09:17 GMT-0700 (Pacific Daylight Time)
43,Incredible Granite Chips,439.00,e721fd5f-cc7c-43dd-a778-90d3dbc21c67,0,Fri May 22 2020 01:01:07 GMT-0700 (Pacific Daylight Time)
44,Refined Concrete Chicken,462.00,e9d3343b-eda9-455c-a0ae-452ef1ef4a3b,0,Fri May 22 2020 05:14:03 GMT-0700 (Pacific Daylight Time)
45,Fantastic Soft Hat,198.00,d0fd03ca-af31-4ee0-8d8d-93d8afb7d754,0,Fri May 22 2020 16:45:41 GMT-0700 (Pacific Daylight Time)
46,Practical Fresh Chicken,26.00,a96a45a1-1b24-4a15-bd59-c516b4133ecc,0,Thu May 21 2020 21:57:15 GMT-0700 (Pacific Daylight Time)
47,Licensed Concrete Table,26.00,5bccfeae-ff90-40f8-8a63-4fe0cf7f7d7d,0,Fri May 22 2020 02:25:16 GMT-0700 (Pacific Daylight Time)
48,Fantastic Rubber Fish,410.00,fda2c8a5-6548-4f2f-b0c9-76a01477ba84,0,Thu May 21 2020 23:30:25 GMT-0700 (Pacific Daylight Time)
49,Tasty Fresh Soap,649.00,b7f81506-963a-4344-a354-ff91303fa097,0,Fri May 22 2020 01:29:43 GMT-0700 (Pacific Daylight Time)
50,Incredible Rubber Table,946.00,c12f5d7f-325f-4e36-bc5f-48ba72ffab8b,0,Fri May 22 2020 10:30:14 GMT-0700 (Pacific Daylight Time)
51,Tasty Wooden Keyboard,771.00,6e6f170a-39c9-430c-a78d-2e16597c6b1d,0,Fri May 22 2020 12:01:07 GMT-0700 (Pacific Daylight Time)
52,Fantastic Fresh Chicken,812.00,0f77b082-8fa1-4772-9d4e-3be3196ed209,0,Fri May 22 2020 05:04:11 GMT-0700 (Pacific Daylight Time)
53,Sleek Cotton Towels,812.00,7101c487-fd26-476d-8436-4beb08c50615,0,Fri May 22 2020 17:07:19 GMT-0700 (Pacific Daylight Time)
54,Unbranded Wooden Pizza,765.00,9ac6db46-4406-48e8-8287-f0b761b3c522,0,Fri May 22 2020 12:38:34 GMT-0700 (Pacific Daylight Time)
55,Generic Metal Mouse,354.00,9f882f2e-5941-4872-8259-8fcd6f14ee0b,0,Fri May 22 2020 05:36:00 GMT-0700 (Pacific Daylight Time)
56,Ergonomic Rubber Keyboard,837.00,b51acb0c-5600-4f85-ba56-f69b4e0d8e7f,0,Fri May 22 2020 02:22:27 GMT-0700 (Pacific Daylight Time)
57,Handcrafted Steel Hat,761.00,b9aaf591-2454-4c4a-a6e8-4e56dd5992f2,0,Fri May 22 2020 10:33:02 GMT-0700 (Pacific Daylight Time)
58,Gorgeous Soft Car,720.00,4da20469-80fa-490e-85e3-310e6fdef0ff,0,Fri May 22 2020 10:01:38 GMT-0700 (Pacific Daylight Time)
59,Licensed Plastic Towels,896.00,9e7eff86-dbf0-4d2b-869e-276f349425a7,0,Fri May 22 2020 03:27:41 GMT-0700 (Pacific Daylight Time)
60,Incredible Concrete Chips,735.00,89f99237-e91c-4731-ba0a-636bed15d8a1,0,Fri May 22 2020 04:33:33 GMT-0700 (Pacific Daylight Time)
61,Small Granite Pizza,860.00,f6acaa74-e37c-4623-94b3-ad3e25d22712,0,Fri May 22 2020 18:24:47 GMT-0700 (Pacific Daylight Time)
62,Intelligent Wooden Chicken,191.00,e8bea519-c978-4ea4-b2c0-2baab5aa3a79,0,Fri May 22 2020 15:32:11 GMT-0700 (Pacific Daylight Time)
63,Awesome Fresh Car,41.00,312b3f08-d6c4-42c2-a2a6-9103f54a64ae,0,Thu May 21 2020 20:22:12 GMT-0700 (Pacific Daylight Time)
64,Refined Rubber Soap,189.00,433b7034-5292-4cab-bcdc-c64881193dee,0,Fri May 22 2020 10:00:47 GMT-0700 (Pacific Daylight Time)
65,Licensed Plastic Towels,979.00,04af537c-d41d-4743-adf5-4c785936743a,0,Thu May 21 2020 21:27:01 GMT-0700 (Pacific Daylight Time)
66,Handcrafted Wooden Bike,258.00,855fa7be-adc0-4c8c-99c8-ed203f0012fb,0,Fri May 22 2020 10:15:21 GMT-0700 (Pacific Daylight Time)
67,Awesome Rubber Bike,190.00,7391793b-93bf-42bf-a5a2-f877edbfe9f7,0,Thu May 21 2020 23:23:30 GMT-0700 (Pacific Daylight Time)
68,Incredible Steel Tuna,229.00,062ccb23-d0ad-4eab-92ed-a3759c20d1c7,0,Fri May 22 2020 16:30:18 GMT-0700 (Pacific Daylight Time)
69,Fantastic Wooden Tuna,261.00,0253b2b2-c8d0-4be9-848c-78568d09361a,0,Fri May 22 2020 17:17:37 GMT-0700 (Pacific Daylight Time)
70,Intelligent Cotton Keyboard,951.00,7237792a-4e4c-4d9b-99bb-79eecc3a746e,0,Fri May 22 2020 05:39:20 GMT-0700 (Pacific Daylight Time)
71,Tasty Steel Shirt,955.00,1e1745d5-e2c0-4021-a19f-2d769cdb9277,0,Fri May 22 2020 02:54:22 GMT-0700 (Pacific Daylight Time)
72,Ergonomic Soft Pants,717.00,7f2e6fee-8dee-4e0a-94f0-397d865290bd,0,Fri May 22 2020 12:33:46 GMT-0700 (Pacific Daylight Time)
73,Fantastic Rubber Tuna,503.00,ec29a40d-1d54-4221-9ea6-13e21778adbb,0,Fri May 22 2020 13:25:06 GMT-0700 (Pacific Daylight Time)
74,Rustic Fresh Chicken,243.00,dc6a8196-1724-4795-aff7-7ca1b4597477,0,Fri May 22 2020 07:02:28 GMT-0700 (Pacific Daylight Time)
75,Handcrafted Frozen Hat,442.00,fbc147c7-ee0d-4ac5-ba99-38eceabcd26d,0,Fri May 22 2020 16:23:06 GMT-0700 (Pacific Daylight Time)
76,Practical Rubber Bacon,897.00,5ce4643a-96b1-40d1-99a0-9820544e3e87,0,Fri May 22 2020 06:29:08 GMT-0700 (Pacific Daylight Time)
77,Ergonomic Concrete Bike,600.00,ba8320da-05bb-4216-924f-f575774fa5fb,0,Fri May 22 2020 06:12:55 GMT-0700 (Pacific Daylight Time)
78,Unbranded Frozen Pants,178.00,1b5856ae-2315-474c-b8b9-a710d645bf10,0,Thu May 21 2020 21:00:13 GMT-0700 (Pacific Daylight Time)
79,Practical Granite Mouse,827.00,3b96aca0-64c6-474c-9aad-5af49280d3e0,0,Thu May 21 2020 23:30:44 GMT-0700 (Pacific Daylight Time)
80,Handcrafted Fresh Tuna,502.00,c0c90de3-6bc2-4f2c-a24f-c11b0f063d1b,0,Fri May 22 2020 07:13:45 GMT-0700 (Pacific Daylight Time)
81,Gorgeous Soft Sausages,352.00,25377760-05ce-4661-876a-54c1b17a2fdf,0,Fri May 22 2020 01:35:15 GMT-0700 (Pacific Daylight Time)
82,Awesome Plastic Mouse,592.00,61a70b71-a204-4063-9223-df5e5249bbb9,0,Fri May 22 2020 07:05:40 GMT-0700 (Pacific Daylight Time)
83,Ergonomic Steel Chips,265.00,2d57dead-1fba-4ab7-8427-03bdd862bb96,0,Thu May 21 2020 22:28:52 GMT-0700 (Pacific Daylight Time)
84,Intelligent Cotton Mouse,61.00,75408544-5a6c-4be1-b340-2c2561f98998,0,Fri May 22 2020 05:54:59 GMT-0700 (Pacific Daylight Time)
85,Licensed Soft Chips,617.00,71c21b92-2660-4104-a5d9-f6d7d9436d46,0,Fri May 22 2020 02:22:04 GMT-0700 (Pacific Daylight Time)
86,Gorgeous Steel Soap,414.00,97203d17-5ae5-44b8-a8fe-cb80f6e17e82,0,Fri May 22 2020 06:51:07 GMT-0700 (Pacific Daylight Time)
87,Tasty Plastic Pants,877.00,b0eb0b90-15da-4a0d-b254-299e98f25825,0,Thu May 21 2020 23:55:58 GMT-0700 (Pacific Daylight Time)
88,Handcrafted Plastic Chicken,796.00,ba56deb9-9cf0-4b85-8ba4-991e754bad2e,0,Fri May 22 2020 10:24:18 GMT-0700 (Pacific Daylight Time)
89,Fantastic Wooden Keyboard,275.00,0a4f2d07-268b-4d14-9a91-1c283fe05235,0,Fri May 22 2020 00:50:36 GMT-0700 (Pacific Daylight Time)
90,Sleek Steel Cheese,856.00,5d272228-7b1e-49fa-b2b2-d128f82cd47a,0,Fri May 22 2020 11:40:04 GMT-0700 (Pacific Daylight Time)
91,Fantastic Cotton Car,780.00,8f3a0596-9686-47f8-931e-3e5990d21e2c,0,Fri May 22 2020 05:08:40 GMT-0700 (Pacific Daylight Time)
92,Fantastic Metal Gloves,744.00,01e0d09d-7d6e-4128-b803-35e4e0ec7d67,0,Fri May 22 2020 19:37:12 GMT-0700 (Pacific Daylight Time)
93,Sleek Concrete Shirt,214.00,135ede2c-23c5-4511-9ace-726991360fc9,0,Fri May 22 2020 17:16:08 GMT-0700 (Pacific Daylight Time)
94,Handmade Rubber Computer,595.00,2972101f-ae46-4149-9d4e-1359d675f2fc,0,Fri May 22 2020 02:08:36 GMT-0700 (Pacific Daylight Time)
95,Ergonomic Wooden Chicken,59.00,35b278d5-c94d-4357-a503-b70cb4fbc5b8,0,Fri May 22 2020 17:01:13 GMT-0700 (Pacific Daylight Time)
96,Practical Plastic Hat,995.00,85d128f6-4540-4480-aad3-e23868d05431,0,Fri May 22 2020 01:56:35 GMT-0700 (Pacific Daylight Time)
97,Generic Steel Soap,408.00,0469a3b6-9d4a-4e3e-90fe-deb8918e41d9,0,Fri May 22 2020 19:04:24 GMT-0700 (Pacific Daylight Time)
98,Handmade Plastic Bacon,118.00,9356129d-4e33-4b85-95ca-3b3ee18c126e,0,Fri May 22 2020 12:46:15 GMT-0700 (Pacific Daylight Time)
99,Generic Soft Bacon,698.00,035aac4d-a125-4cdf-8dd8-5bf94b8fd758,0,Fri May 22 2020 01:44:46 GMT-0700 (Pacific Daylight Time)
100,Gorgeous Soft Chair,444.00,d8624bc6-5fdd-4731-8abc-3b0dc6a40d01,0,Fri May 22 2020 13:17:55 GMT-0700 (Pacific Daylight Time)
